id,text,response,page_title
1,Can you tell me where the movie theater is located? ,"I'm sorry, but I am an AI language model and do not have access to specific locations. In order to find out where a movie theater is located, I recommend using a search engine or asking a local resident or using a mapping service. You can also try looking up the address or phone number of a movie theater online and using that information to find its location.",Movie Theater Location
2,Where can I find the movie theater? ,"There are many ways to find a movie theater, depending on your location and the resources available to you. Some options include:
Using a search engine: You can use a search engine like Google to search for movie theaters in your area. Simply enter a search term like ""movie theaters near me"" or ""cinemas in [city name]"" to find a list of options.
Asking a local resident: If you are in a unfamiliar place and need to find a movie theater quickly, you can ask a local resident for directions. You can find someone to ask by looking for a shopkeeper, security guard, or other person who might be able to help you.
Using a mapping service: Many online mapping services, such as Google Maps, allow you to search for movie theaters in your area and provide directions to help you get there.
Looking up the address or phone number of a specific movie theater: If you know the name or location of a specific movie theater, you can look up its address or phone number online and use that information to find its location.
Checking the website or social media accounts of movie theaters: Many movie theaters have websites or social media accounts where they post information about their location and showtimes. You can check these resources to find out where a particular theater is located.",Movie Theater Location
3,"I'm looking for the movie theater, do you know where it is? ","I'm sorry, but I am an AI language model and do not have access to specific locations. In order to find out where a movie theater is located, I recommend using a search engine or asking a local resident or using a mapping service. You can also try looking up the address or phone number of a movie theater online and using that information to find its location. If you have a specific movie theater in mind, you can try looking up its name or location online to find out where it is located. Alternatively, you can try using a search engine or mapping service to find movie theaters in your area.",Movie Theater Location
4,Could you provide me with the location of the movie theater? ,"I'm sorry, but I am an AI language model and do not have access to specific locations. In order to find out where a movie theater is located, I recommend using a search engine or asking a local resident or using a mapping service. You can also try looking up the address or phone number of a movie theater online and using that information to find its location. If you have a specific movie theater in mind, you can try looking up its name or location online to find out where it is located. Alternatively, you can try using a search engine or mapping service to find movie theaters in your area.",Movie Theater Location
5,Do you know where the movie theater is situated? ,"I'm sorry, but I am an AI language model and do not have access to specific locations. In order to find out where a movie theater is located, I recommend using a search engine or asking a local resident or using a mapping service. You can also try looking up the address or phone number of a movie theater online and using that information to find its location. If you have a specific movie theater in mind, you can try looking up its name or location online to find out where it is located. Alternatively, you can try using a search engine or mapping service to find movie theaters in your area.",Movie Theater Location
6,"I'm trying to find the movie theater, where is it located? ","I'm sorry, but I am an AI language model and do not have access to specific locations. In order to find out where a movie theater is located, I recommend using a search engine or asking a local resident or using a mapping service. You can also try looking up the address or phone number of a movie theater online and using that information to find its location. If you have a specific movie theater in mind, you can try looking up its name or location online to find out where it is located. Alternatively, you can try using a search engine or mapping service to find movie theaters in your area.",Movie Theater Location
7,Can you point me in the direction of the movie theater? ,"I'm sorry, but I am an AI language model and do not have access to specific locations or the ability to provide directions. In order to find out where a movie theater is located and how to get there, I recommend using a search engine or asking a local resident or using a mapping service. You can also try looking up the address or phone number of a movie theater online and using that information to find its location and get directions. If you have a specific movie theater in mind, you can try looking up its name or location online to find out where it is located and how to get there. Alternatively, you can try using a search engine or mapping service to find movie theaters in your area and get directions to them.",Movie Theater Location
8,"I'm searching for the movie theater, do you know where it is situated? ","I'm sorry, but I am an AI language model and do not have access to specific locations. In order to find out where a movie theater is located, I recommend using a search engine or asking a local resident or using a mapping service. You can also try looking up the address or phone number of a movie theater online and using that information to find its location. If you have a specific movie theater in mind, you can try looking up its name or location online to find out where it is located. Alternatively, you can try using a search engine or mapping service to find movie theaters in your area.",Movie Theater Location
9,Could you tell me the location of the movie theater? ,"I'm sorry, but I am an AI language model and do not have access to specific locations. In order to find out where a movie theater is located, I recommend using a search engine or asking a local resident or using a mapping service. You can also try looking up the address or phone number of a movie theater online and using that information to find its location. If you have a specific movie theater in mind, you can try looking up its name or location online to find out where it is located. Alternatively, you can try using a search engine or mapping service to find movie theaters in your area.",Movie Theater Location
10,"I'm looking for the movie theater, can you help me find it? ","I'm sorry, but I am an AI language model and do not have access to specific locations. In order to find out where a movie theater is located, I recommend using a search engine or asking a local resident or using a mapping service. You can also try looking up the address or phone number of a movie theater online and using that information to find its location. If you have a specific movie theater in mind, you can try looking up its name or location online to find out where it is located. Alternatively, you can try using a search engine or mapping service to find movie theaters in your area.",Movie Theater Location
11,Do you know where the movie theater is located? ,"I'm sorry, but I am an AI language model and do not have access to specific locations. In order to find out where a movie theater is located, I recommend using a search engine or asking a local resident or using a mapping service. You can also try looking up the address or phone number of a movie theater online and using that information to find its location. If you have a specific movie theater in mind, you can try looking up its name or location online to find out where it is located. Alternatively, you can try using a search engine or mapping service to find movie theaters in your area.",Movie Theater Location
12,"I'm trying to find the movie theater, could you tell me where it is? ","I apologize, but I am unable to provide specific directions or location information for real-world businesses or places. However, there are a few options you can try to find a movie theater near you:
Use an online search engine: You can use a search engine like Google to search for movie theaters in your area. Simply type in a query like ""movie theaters near me"" or ""cinemas in [city name]"" and you should be able to find a list of nearby theaters, along with their locations and directions.
Check online directories: Many online directories, such as Yelp or Foursquare, allow you to search for movie theaters in your area. Simply enter your location and search for ""movie theaters"" or ""cinemas"" to find a list of nearby theaters, along with their locations and directions.
Use a map application: You can use a map application like Google Maps to search for movie theaters in your area. Simply enter ""movie theaters"" or ""cinemas"" in the search bar, and the map will show you a list of nearby theaters, along with their locations and directions.
I hope these suggestions are helpful! If you need further assistance, you can try contacting your local tourism or convention and visitor's bureau for more information about movie theaters in your area.",Movie Theater Location
13,"I'm trying to find the movie theater, where is it located? ","I'm sorry, but I am unable to provide specific location information for real-world businesses or places. I am an AI language model and do not have access to current, real-world information. To find a movie theater near you, you can try using an online search engine or directory service, or you can check with your local tourism or convention and visitor's bureau for information about movie theaters in your area. Alternatively, you can ask friends, family, or coworkers if they know of any good movie theaters in your area, or you can look for recommendations on social media or online forums.",Movie Theater Location
14,Do you know the location of the movie theater? ,"I'm sorry, but I am an AI language model and do not have access to real-world information about specific businesses or locations. I am unable to provide information about the location of a specific movie theater. To find a movie theater near you, you can try using an online search engine or directory service, or you can check with your local tourism or convention and visitor's bureau for information about movie theaters in your area. Alternatively, you can ask friends, family, or coworkers if they know of any good movie theaters in your area, or you can look for recommendations on social media or online forums.",Movie Theater Location
15,"I'm looking for the movie theater, could you help me find it? ","I'm sorry, but I am an AI language model and do not have access to real-world information about specific businesses or locations. I am unable to provide specific information about the location of a movie theater. However, there are several steps you can take to try to find a movie theater near you:
Use an online search engine: You can use a search engine like Google to search for movie theaters in your area. Simply type in a query like ""movie theaters near me"" or ""cinemas in [city name]"" and you should be able to find a list of nearby theaters, along with their locations and directions.
Check online directories: Many online directories, such as Yelp or Foursquare, allow you to search for movie theaters in your area. Simply enter your location and search for ""movie theaters"" or ""cinemas"" to find a list of nearby theaters, along with their locations and directions.
Use a map application: You can use a map application like Google Maps to search for movie theaters in your area. Simply enter ""movie theaters"" or ""cinemas"" in the search bar, and the map will show you a list of nearby theaters, along with their locations and directions.
Ask for recommendations: You can also ask friends, family, or coworkers if they know of any good movie theaters in your area. You may also be able to find recommendations on social media or online forums.
I hope these suggestions are helpful! If you need further assistance, you can try contacting your local tourism or convention and visitor's bureau for more information about movie theaters in your area.",Movie Theater Location
16,Could you tell me where the movie theater is situated? ,"I'm sorry, but I am an AI language model and do not have access to real-world information about specific businesses or locations. I am unable to provide specific information about the location of a movie theater. To find a movie theater near you, you can try using an online search engine or directory service, or you can check with your local tourism or convention and visitor's bureau for information about movie theaters in your area. Alternatively, you can ask friends, family, or coworkers if they know of any good movie theaters in your area, or you can look for recommendations on social media or online forums.",Movie Theater Location
17,"I'm trying to locate the movie theater, do you know where it is? ","I'm sorry, but I am an AI language model and do not have access to real-world information about specific businesses or locations. I am unable to provide specific information about the location of a movie theater. However, there are several steps you can take to try to find a movie theater near you:
Use an online search engine: You can use a search engine like Google to search for movie theaters in your area. Simply type in a query like ""movie theaters near me"" or ""cinemas in [city name]"" and you should be able to find a list of nearby theaters, along with their locations and directions.
Check online directories: Many online directories, such as Yelp or Foursquare, allow you to search for movie theaters in your area. Simply enter your location and search for ""movie theaters"" or ""cinemas"" to find a list of nearby theaters, along with their locations and directions.
Use a map application: You can use a map application like Google Maps to search for movie theaters in your area. Simply enter ""movie theaters"" or ""cinemas"" in the search bar, and the map will show you a list of nearby theaters, along with their locations and directions.
Ask for recommendations: You can also ask friends, family, or coworkers if they know of any good movie theaters in your area. You may also be able to find recommendations on social media or online forums.
I hope these suggestions are helpful! If you need further assistance, you can try contacting your local tourism or convention and visitor's bureau for more information about movie theaters in your",Movie Theater Location
18,Can you provide me with the location of the movie theater? ,"I'm sorry, but I am an AI language model and do not have access to real-world information about specific businesses or locations. I am unable to provide specific information about the location of a movie theater. However, there are several steps you can take to try to find a movie theater near you:
Use an online search engine: You can use a search engine like Google to search for movie theaters in your area. Simply type in a query like ""movie theaters near me"" or ""cinemas in [city name]"" and you should be able to find a list of nearby theaters, along with their locations and directions.
Check online directories: Many online directories, such as Yelp or Foursquare, allow you to search for movie theaters in your area. Simply enter your location and search for ""movie theaters"" or ""cinemas"" to find a list of nearby theaters, along with their locations and directions.
Use a map application: You can use a map application like Google Maps to search for movie theaters in your area. Simply enter ""movie theaters"" or ""cinemas"" in the search bar, and the map will show you a list of nearby theaters, along with their locations and directions.
Ask for recommendations: You can also ask friends, family, or coworkers if they know of any good movie theaters in your area. You may also be able to find recommendations on social media or online forums.
I hope these suggestions are helpful! If you need further assistance, you can try contacting your local tourism or convention and visitor's bureau for more information about movie theaters in your area.",Movie Theater Location
19,"I'm searching for the movie theater, could you tell me where it is located? ","I'm sorry, but I am an AI language model and do not have access to real-world information about specific businesses or locations. I am unable to provide specific information about the location of a movie theater. To find a movie theater near you, you can try using an online search engine or directory service, or you can check with your local tourism or convention and visitor's bureau for information about movie theaters in your area. Alternatively, you can ask friends, family, or coworkers if they know of any good movie theaters in your area, or you can look for recommendations on social media or online forums. I hope this information is helpful and that you are able to find a movie theater in your area.",Movie Theater Location
20,Do you know where the movie theater is situated? ,"I'm sorry, but I am an AI language model and do not have access to real-world information about specific businesses or locations. I am unable to provide specific information about the location of a movie theater. To find a movie theater near you, you can try using an online search engine or directory service, or you can check with your local tourism or convention and visitor's bureau for information about movie theaters in your area. Alternatively, you can ask friends, family, or coworkers if they know of any good movie theaters in your area, or you can look for recommendations on social media or online forums. I hope this information is helpful and that you are able to find a movie theater in your area.",Movie Theater Location
21,"I'm trying to find the movie theater, could you point me in the right direction? ","I'm sorry, but I am an AI language model and do not have access to real-world information about specific businesses or locations. I am unable to provide specific directions or location information for a movie theater. However, there are several steps you can take to try to find a movie theater near you:
Use an online search engine: You can use a search engine like Google to search for movie theaters in your area. Simply type in a query like ""movie theaters near me"" or ""cinemas in [city name]"" and you should be able to find a list of nearby theaters, along with their locations and directions.
Check online directories: Many online directories, such as Yelp or Foursquare, allow you to search for movie theaters in your area. Simply enter your location and search for ""movie theaters"" or ""cinemas"" to find a list of nearby theaters, along with their locations and directions.
Use a map application: You can use a map application like Google Maps to search for movie theaters in your area. Simply enter ""movie theaters"" or ""cinemas"" in the search bar, and the map will show you a list of nearby theaters, along with their locations and directions.
Ask for recommendations: You can also ask friends, family, or coworkers if they know of any good movie theaters in your area. You may also be able to find recommendations on social media or online forums.
I hope these suggestions are helpful! If you need further assistance, you can try contacting your local tourism or convention and visitor's bureau for more information about movie theaters in your area.",Movie Theater Location
22,Could you tell me the location of the movie theater? ,"I'm sorry, but I am an AI language model and do not have access to real-world information about specific businesses or locations. I am unable to provide specific information about the location of a movie theater. To find a movie theater near you, you can try using an online search engine or directory service, or you can check with your local tourism or convention and visitor's bureau for information about movie theaters in your area. Alternatively, you can ask friends, family, or coworkers if they know of any good movie theaters in your area, or you can look for recommendations on social media or online forums. I hope this information is helpful and that you are able to find a movie theater in your area.",Movie Theater Location
23,"I'm looking for the movie theater, do you know where it is located? ","I'm sorry, but I am an AI language model and do not have access to real-world information about specific businesses or locations. I am unable to provide specific information about the location of a movie theater. To find a movie theater near you, you can try using an online search engine or directory service, or you can check with your local tourism or convention and visitor's bureau for information about movie theaters in your area. Alternatively, you can ask friends, family, or coworkers if they know of any good movie theaters in your area, or you can look for recommendations on social media or online forums. I hope this information is helpful and that you are able to find a movie theater in your area.",Movie Theater Location
24,Can you provide me with the location of the movie theater? ,"I'm sorry, but I am an AI language model and do not have access to real-world information about specific businesses or locations. I am unable to provide specific information about the location of a movie theater. To find a movie theater near you, you can try using an online search engine or directory service, or you can check with your local tourism or convention and visitor's bureau for information about movie theaters in your area. Alternatively, you can ask friends, family, or coworkers if they know of any good movie theaters in your area, or you can look for recommendations on social media or online forums. I hope this information is helpful and that you are able to find a movie theater in your area.",Movie Theater Location
25,"I'm trying to find the movie theater, do you know where it is situated? ","I'm sorry, but I am an AI language model and do not have access to real-world information about specific businesses or locations. I am unable to provide specific information about the location of a movie theater. To find a movie theater near you, you can try using an online search engine or directory service, or you can check with your local tourism or convention and visitor's bureau for information about movie theaters in your area. Alternatively, you can ask friends, family, or coworkers if they know of any good movie theaters in your area, or you can look for recommendations on social media or online forums. I hope this information is helpful and that you are able to find a movie theater in your area.",Movie Theater Location
26,Could you tell me where the movie theater is located? ,"I'm sorry, but I am an AI language model and do not have access to real-world information about specific businesses or locations. I am unable to provide specific information about the location of a movie theater. To find a movie theater near you, you can try using an online search engine or directory service, or you can check with your local tourism or convention and visitor's bureau for information about movie theaters in your area. Alternatively, you can ask friends, family, or coworkers if they know of any good movie theaters in your area, or you can look for recommendations on social media or online forums. I hope this information is helpful and that you are able to find a movie theater in your area.",Movie Theater Location
27,"I'm searching for the movie theater, do you know where it is? ","I'm sorry, but I am an AI language model and do not have access to real-world information about specific businesses or locations. I am unable to provide specific information about the location of a movie theater. To find a movie theater near you, you can try using an online search engine or directory service, or you can check with your local tourism or convention and visitor's bureau for information about movie theaters in your area. Alternatively, you can ask friends, family, or coworkers if they know of any good movie theaters in your area, or you can look for recommendations on social media or online forums. I hope this information is helpful and that you are able to find a movie theater in your area.",Movie Theater Location
